-- phpMyAdmin SQL Dump
-- version 4.9.0.1
-- https://www.phpmyadmin.net/
--
-- Host: 127.0.0.1
-- Generation Time: Jun 13, 2020 at 05:31 AM
-- Server version: 10.3.16-MariaDB
-- PHP Version: 7.1.31

SET SQL_MODE = "NO_AUTO_VALUE_ON_ZERO";
SET AUTOCOMMIT = 0;
START TRANSACTION;
SET time_zone = "+00:00";


/*!40101 SET @OLD_CHARACTER_SET_CLIENT=@@CHARACTER_SET_CLIENT */;
/*!40101 SET @OLD_CHARACTER_SET_RESULTS=@@CHARACTER_SET_RESULTS */;
/*!40101 SET @OLD_COLLATION_CONNECTION=@@COLLATION_CONNECTION */;
/*!40101 SET NAMES utf8mb4 */;

--
-- Database: `saladman`
--

-- --------------------------------------------------------

--
-- Table structure for table `admin`
--

CREATE TABLE `admin` (
  `id_admin` int(11) NOT NULL,
  `username` varchar(100) NOT NULL,
  `password` varchar(100) NOT NULL,
  `nama_lengkap` varchar(100) NOT NULL
) ENGINE=InnoDB DEFAULT CHARSET=latin1;

--
-- Dumping data for table `admin`
--

INSERT INTO `admin` (`id_admin`, `username`, `password`, `nama_lengkap`) VALUES
(1, 'admin', 'admin', 'admin');

-- --------------------------------------------------------

--
-- Table structure for table `ongkir`
--

CREATE TABLE `ongkir` (
  `id_ongkir` int(11) NOT NULL,
  `nama_kota` varchar(100) NOT NULL,
  `tarif` int(11) NOT NULL
) ENGINE=InnoDB DEFAULT CHARSET=latin1;

--
-- Dumping data for table `ongkir`
--

INSERT INTO `ongkir` (`id_ongkir`, `nama_kota`, `tarif`) VALUES
(1, 'Kota Denpasar', 10000),
(2, 'Denpasar Barat', 10000);

-- --------------------------------------------------------

--
-- Table structure for table `pelanggan`
--

CREATE TABLE `pelanggan` (
  `id_pelanggan` int(11) NOT NULL,
  `email_pelanggan` varchar(100) NOT NULL,
  `password_pelanggan` varchar(100) NOT NULL,
  `nama_pelanggan` varchar(100) NOT NULL,
  `telepon_pelanggan` varchar(25) NOT NULL,
  `alamat_pelanggan` varchar(200) NOT NULL
) ENGINE=InnoDB DEFAULT CHARSET=latin1;

--
-- Dumping data for table `pelanggan`
--

INSERT INTO `pelanggan` (`id_pelanggan`, `email_pelanggan`, `password_pelanggan`, `nama_pelanggan`, `telepon_pelanggan`, `alamat_pelanggan`) VALUES
(1, 'cempana@gmail.com', 'cempana', 'cempana', '085349985345', 'Jl. Kenari 5								'),
(2, 'awidyaandika@gmail.com', 'aan', 'Awidya Andika', '085858839746', 'Jl Buana Kubu (Toko Brahman)'),
(3, 'wulan@gmail.com', 'wulan', 'Wulan', '0853495843485', 'Jl Pasutri ');

-- --------------------------------------------------------

--
-- Table structure for table `pembelian`
--

CREATE TABLE `pembelian` (
  `id_pembelian` int(11) NOT NULL,
  `id_pelanggan` int(11) NOT NULL,
  `id_ongkir` int(11) NOT NULL,
  `tanggal_pembelian` date NOT NULL,
  `total_pembelian` int(11) NOT NULL
) ENGINE=InnoDB DEFAULT CHARSET=latin1;

--
-- Dumping data for table `pembelian`
--

INSERT INTO `pembelian` (`id_pembelian`, `id_pelanggan`, `id_ongkir`, `tanggal_pembelian`, `total_pembelian`) VALUES
(9, 2, 1, '2020-06-13', 20000),
(10, 2, 1, '2020-06-13', 16000);

-- --------------------------------------------------------

--
-- Table structure for table `pembelian_produk`
--

CREATE TABLE `pembelian_produk` (
  `id_pembelian_produk` int(11) NOT NULL,
  `id_pembelian` int(11) NOT NULL,
  `id_produk` int(11) NOT NULL,
  `jumlah` int(11) NOT NULL,
  `nama` varchar(100) NOT NULL,
  `harga` int(11) NOT NULL,
  `berat` int(11) NOT NULL
) ENGINE=InnoDB DEFAULT CHARSET=latin1;

--
-- Dumping data for table `pembelian_produk`
--

INSERT INTO `pembelian_produk` (`id_pembelian_produk`, `id_pembelian`, `id_produk`, `jumlah`, `nama`, `harga`, `berat`) VALUES
(6, 9, 7, 3, '', 0, 0),
(7, 9, 8, 2, '', 0, 0),
(8, 9, 9, 1, '', 0, 0),
(9, 10, 7, 1, '', 0, 0),
(10, 10, 8, 1, '', 0, 0),
(11, 10, 9, 1, '', 0, 0);

-- --------------------------------------------------------

--
-- Table structure for table `produk`
--

CREATE TABLE `produk` (
  `id_produk` int(11) NOT NULL,
  `nama_produk` varchar(100) NOT NULL,
  `harga_produk` int(11) NOT NULL,
  `berat_produk` int(11) NOT NULL,
  `foto_produk` varchar(100) NOT NULL,
  `deskripsi_produk` text NOT NULL
) ENGINE=InnoDB DEFAULT CHARSET=latin1;

--
-- Dumping data for table `produk`
--

INSERT INTO `produk` (`id_produk`, `nama_produk`, `harga_produk`, `berat_produk`, `foto_produk`, `deskripsi_produk`) VALUES
(7, 'Apel', 1000, 100, 'apple1.jpg', 'Apel Segar	'),
(8, 'Tomat', 2000, 200, '7f703281cd786114dd4ca14cab56dcdb.jpg', 'Tomat Segar'),
(9, 'Brokoli', 3000, 300, 'brokoli.jpg', 'Brokoli Segar');

--
-- Indexes for dumped tables
--

--
-- Indexes for table `admin`
--
ALTER TABLE `admin`
  ADD PRIMARY KEY (`id_admin`);

--
-- Indexes for table `ongkir`
--
ALTER TABLE `ongkir`
  ADD PRIMARY KEY (`id_ongkir`);

--
-- Indexes for table `pelanggan`
--
ALTER TABLE `pelanggan`
  ADD PRIMARY KEY (`id_pelanggan`);

--
-- Indexes for table `pembelian`
--
ALTER TABLE `pembelian`
  ADD PRIMARY KEY (`id_pembelian`);

--
-- Indexes for table `pembelian_produk`
--
ALTER TABLE `pembelian_produk`
  ADD PRIMARY KEY (`id_pembelian_produk`);

--
-- Indexes for table `produk`
--
ALTER TABLE `produk`
  ADD PRIMARY KEY (`id_produk`);

--
-- AUTO_INCREMENT for dumped tables
--

--
-- AUTO_INCREMENT for table `admin`
--
ALTER TABLE `admin`
  MODIFY `id_admin` int(11) NOT NULL AUTO_INCREMENT, AUTO_INCREMENT=2;

--
-- AUTO_INCREMENT for table `ongkir`
--
ALTER TABLE `ongkir`
  MODIFY `id_ongkir` int(11) NOT NULL AUTO_INCREMENT, AUTO_INCREMENT=3;

--
-- AUTO_INCREMENT for table `pelanggan`
--
ALTER TABLE `pelanggan`
  MODIFY `id_pelanggan` int(11) NOT NULL AUTO_INCREMENT, AUTO_INCREMENT=5;

--
-- AUTO_INCREMENT for table `pembelian`
--
ALTER TABLE `pembelian`
  MODIFY `id_pembelian` int(11) NOT NULL AUTO_INCREMENT, AUTO_INCREMENT=11;

--
-- AUTO_INCREMENT for table `pembelian_produk`
--
ALTER TABLE `pembelian_produk`
  MODIFY `id_pembelian_produk` int(11) NOT NULL AUTO_INCREMENT, AUTO_INCREMENT=12;

--
-- AUTO_INCREMENT for table `produk`
--
ALTER TABLE `produk`
  MODIFY `id_produk` int(11) NOT NULL AUTO_INCREMENT, AUTO_INCREMENT=11;
COMMIT;

/*!40101 SET CHARACTER_SET_CLIENT=@OLD_CHARACTER_SET_CLIENT */;
/*!40101 SET CHARACTER_SET_RESULTS=@OLD_CHARACTER_SET_RESULTS */;
/*!40101 SET COLLATION_CONNECTION=@OLD_COLLATION_CONNECTION */;
